id_periodico,nome,area,quantidade_volumes,edicao_mais_recente,url_submissao,url_instrucoes,data_obtencao_informacao
aa,Acta Amazonica,Ciências Agrárias; Ciências Biológicas; Ciências Exatas e da Terra; Ciências da Saúde,184 números,"2024, Volume: 54, Número: 4",http://mc04.manuscriptcentral.com/aa-scielo,https://www.scielo.br/journal/aa/about/,2024-10-31
aabc,Anais da Academia Brasileira de Ciências,Ciências Agrárias; Ciências Biológicas; Ciências Exatas e da Terra; Ciências Humanas; Ciências da Saúde; Engenharias,100 números,"2024, Volume: 96, Número: 4",http://mc04.manuscriptcentral.com/aabc-scielo,https://www.scielo.br/journal/aabc/about/,2024-10-31
abb,Acta Botanica Brasilica,Ciências Biológicas,116 números,"2024, Volume: 38",http://mc04.manuscriptcentral.com/abb-scielo,https://www.scielo.br/journal/abb/about/,2024-10-31
abc,Arquivos Brasileiros de Cardiologia,Ciências da Saúde,327 números,"2024, Volume: 121, Número: 10",https://mc04.manuscriptcentral.com/abc-scielo,https://www.scielo.br/journal/abc/about/,2024-10-31
abcd,ABCD. Arquivos Brasileiros de Cirurgia Digestiva (São Paulo),Ciências da Saúde,63 números,"2024, Volume: 37",https://www.gnpapers.com.br/abcd/,https://www.scielo.br/journal/abcd/about/,2024-10-31
abd,Anais Brasileiros de Dermatologia,Ciências da Saúde,134 números,"2024, Volume: 99, Número: 5",http://www.sgponline.com.br/abd/sgp/,https://www.scielo.br/journal/abd/about/,2024-10-31
abmvz,Arquivo Brasileiro de Medicina Veterinária e Zootecnia,Ciências Agrárias,155 números,"2024, Volume: 76, Número: 6",http://mc04.manuscriptcentral.com/abmvz-scielo,https://www.scielo.br/journal/abmvz/about/,2024-10-31
abo,Arquivos Brasileiros de Oftalmologia,Ciências da Saúde,212 números,"2025, Volume: 88, Número: 2",http://mc04.manuscriptcentral.com/abo-scielo,https://www.scielo.br/journal/abo/about/,2024-10-31
ac,Ambiente Construído,Engenharias,58 números,"2024, Volume: 24",http://seer.ufrgs.br/index.php/ambienteconstruido,https://www.scielo.br/journal/ac/about/,2024-10-31
acb,Acta Cirúrgica Brasileira,Ciências da Saúde,214 números,"2024, Volume: 39",http://mc04.manuscriptcentral.com/acb-scielo,https://www.scielo.br/journal/acb/about/,2024-10-31
acr,Audiology - Communication Research,Ciências da Saúde,21 números,"2024, Volume: 29",http://mc04.manuscriptcentral.com/acr-scielo,https://www.scielo.br/journal/acr/about/,2024-10-31
acrep,Autopsy and Case Reports,Ciências da Saúde,8 números,"2024, Volume: 14",https://autopsy.submitcentral.com.br,https://www.scielo.br/journal/acrep/about/,2024-10-31
adr,Advances in Rheumatology,Ciências da Saúde,7 números,"2024, Volume: 64",https://www.editorialmanager.com/adrh,https://www.scielo.br/journal/adr/about/,2024-10-31
aem,Archives of Endocrinology and Metabolism,Ciências da Saúde,55 números,"2024, Volume: 68",http://mc04.manuscriptcentral.com/aem-scielo,https://www.scielo.br/journal/aem/about/,2024-10-31
ag,Arquivos de Gastroenterologia,Ciências da Saúde,98 números,"2024, Volume: 61",http://mc04.manuscriptcentral.com/ag-scielo,https://www.scielo.br/journal/ag/about/,2024-10-31
agora,Ágora: Estudos em Teoria Psicanalítica,Ciências Humanas,54 números,"2024, Volume: 27",http://submission.scielo.br/index.php/agora/login,https://www.scielo.br/journal/agora/about/,2024-10-31
aib,Arquivos do Instituto Biológico,Ciências Agrárias,65 números,"2024, Volume: 91",http://mc04.manuscriptcentral.com/aib-scielo,https://www.scielo.br/journal/aib/about/,2024-10-31
alb,Acta Limnologica Brasiliensia,Ciências Biológicas,32 números,"2024, Volume: 36",http://submission.scielo.br/index.php/alb/login,https://www.scielo.br/journal/alb/about/,2024-10-31
alea,Alea: Estudos Neolatinos,"Lingüística, Letras e Artes",53 números,"2024, Volume: 26, Número: 3",http://submission.scielo.br/index.php/alea/login,https://www.scielo.br/journal/alea/about/,2024-10-31
alfa,Alfa: Revista de Linguística (São José do Rio Preto),"Lingüística, Letras e Artes",29 números,"2024, Volume: 68",http://seer.fclar.unesp.br/alfa/index,https://www.scielo.br/journal/alfa/about/,2024-10-31
alm,Almanack,Ciências Humanas,37 números,"2024, Número: 37",https://periodicos.unifesp.br/index.php/alm,https://www.scielo.br/journal/alm/about/,2024-10-31
ambiagua,Revista Ambiente & Água,Ciências Agrárias; Ciências Biológicas,56 números,"2024, Volume: 19",http://mc04.manuscriptcentral.com/ambiagua-scielo,https://www.scielo.br/journal/ambiagua/about/,2024-10-31
anaismp,Anais do Museu Paulista: História e Cultura Material,Ciências Humanas; Ciências Sociais Aplicadas,44 números,"2024, Volume: 32",http://www.revistas.usp.br/anaismp,https://www.scielo.br/journal/anaismp/about/,2024-10-31
anp,Arquivos de Neuro-Psiquiatria,Ciências da Saúde,463 números,"2024, Volume: 82, Número: 12",http://mc04.manuscriptcentral.com/anp-scielo,https://www.scielo.br/journal/anp/about/,2024-10-31
aob,Acta Ortopédica Brasileira,Ciências da Saúde,134 números,"2024, Volume: 32, Número: 5",http://submission.scielo.br/index.php/aob/login,https://www.scielo.br/journal/aob/about/,2024-10-31
ape,Acta Paulista de Enfermagem,Ciências da Saúde,87 números,"2024, Volume: 37",http://mc04.manuscriptcentral.com/ape-scielo,https://www.scielo.br/journal/ape/about/,2024-10-31
ar,Animal Reproduction,Ciências Agrárias,23 números,"2024, Volume: 21, Número: 4",https://mc04.manuscriptcentral.com/ar-scielo,https://www.scielo.br/journal/ar/about/,2024-10-31
archai,Revista Archai,Ciências Humanas,10 números,"2024, Volume: 34",https://impactum-journals.uc.pt/index.php/archai,https://www.scielo.br/journal/archai/about/,2024-10-31
ars,ARS (São Paulo),"Lingüística, Letras e Artes",50 números,"2024, Volume: 22, Número: 50",http://www.revistas.usp.br/ars,https://www.scielo.br/journal/ars/about/,2024-10-31
asagr,Acta Scientiarum. Agronomy,Ciências Agrárias,47 números,"2024, Volume: 46",http://periodicos.uem.br/ojs/index.php/ActaSciAgron,https://www.scielo.br/journal/asagr/about/,2024-10-31
asas,Acta Scientiarum. Animal Sciences,Ciências Agrárias,34 números,"2024, Volume: 46",http://periodicos.uem.br/ojs/index.php/ActaSciAnimSci,https://www.scielo.br/journal/asas/about/,2024-10-31
asoc,Ambiente & Sociedade,Ciências Biológicas; Ciências Humanas; Ciências Sociais Aplicadas,54 números,"2024, Volume: 27",http://mc04.manuscriptcentral.com/asoc-scielo,https://www.scielo.br/journal/asoc/about/,2024-10-31
aval,Avaliação: Revista da Avaliação da Educação Superior (Campinas),Ciências Humanas,50 números,"2024, Volume: 29",http://submission.scielo.br/index.php/aval/login,https://www.scielo.br/journal/aval/about/,2024-10-31
aws,Advances in Weed Science,Ciências Agrárias,4 números,"2024, Volume: 42",https://mc04.manuscriptcentral.com/aws-scielo,https://www.scielo.br/journal/aws/about/,2024-10-31
babt,Brazilian Archives of Biology and Technology,Ciências Agrárias; Ciências Biológicas; Ciências da Saúde; Engenharias,107 números,"2024, Volume: 67",http://mc04.manuscriptcentral.com/babt-scielo,https://www.scielo.br/journal/babt/about/,2024-10-31
bak,Bakhtiniana: Revista de Estudos do Discurso,"Lingüística, Letras e Artes",43 números,"2024, Volume: 19, Número: 4",http://revistas.pucsp.br/index.php/bakhtiniana/index,https://www.scielo.br/journal/bak/about/,2024-10-31
bar,BAR - Brazilian Administration Review,Ciências Sociais Aplicadas,75 números,"2024, Volume: 21, Número: 3",http://mc04.manuscriptcentral.com/bar-scielo,https://www.scielo.br/journal/bar/about/,2024-10-31
bbr,BBR. Brazilian Business Review,Ciências Sociais Aplicadas,50 números,"2025, Volume: 22",http://mc04.manuscriptcentral.com/bbr-scielo,https://www.scielo.br/journal/bbr/about/,2024-10-31
bcg,Boletim de Ciências Geodésicas,Ciências Exatas e da Terra,55 números,"2024, Volume: 30",http://mc04.manuscriptcentral.com/bcg-scielo,https://www.scielo.br/journal/bcg/about/,2024-10-31
bdj,Brazilian Dental Journal,Ciências da Saúde,113 números,"2024, Volume: 35",http://mc04.manuscriptcentral.com/bdj-scielo,https://www.scielo.br/journal/bdj/about/,2024-10-31
bgoeldi,Boletim do Museu Paraense Emílio Goeldi. Ciências Humanas,Ciências Humanas,57 números,"2024, Volume: 19, Número: 3",http://mc04.manuscriptcentral.com/bgoeldi-scielo,https://www.scielo.br/journal/bgoeldi/about/,2024-10-31
bioet,Revista Bioética,Ciências Humanas; Ciências da Saúde,37 números,"2024, Volume: 32",http://revistabioetica.cfm.org.br/index.php/revista_bioetica/index,https://www.scielo.br/journal/bioet/about/,2024-10-31
bja,Brazilian Journal of Anesthesiology,Ciências da Saúde,23 números,"2024, Volume: 74, Número: 5",https://www.editorialmanager.com/bjan/,https://www.scielo.br/journal/bja/about/,2024-10-31
bjb,Brazilian Journal of Biology,Ciências Biológicas,89 números,"2024, Volume: 84",http://submission.scielo.br/index.php/bjb/index,https://www.scielo.br/journal/bjb/about/,2024-10-31
bjft,Brazilian Journal of Food Technology,Ciências Agrárias,27 números,"2024, Volume: 27",http://mc04.manuscriptcentral.com/bjft-scielo,https://www.scielo.br/journal/bjft/about/,2024-10-31
bjgeo,Brazilian Journal of Geology,Ciências Exatas e da Terra,40 números,"2024, Volume: 54, Número: 2",http://mc04.manuscriptcentral.com/bjgeo-scielo,https://www.scielo.br/journal/bjgeo/about/,2024-10-31
bjid,Brazilian Journal of Infectious Diseases,Ciências Biológicas; Ciências da Saúde,142 números,"2024, Volume: 28, Número: 5",https://www.editorialmanager.com/BJID/,https://www.scielo.br/journal/bjid/about/,2024-10-31
bjmbr,Brazilian Journal of Medical and Biological Research,Ciências Biológicas; Ciências da Saúde,304 números,"2024, Volume: 57",http://mc04.manuscriptcentral.com/bjmbr-scielo,https://www.scielo.br/journal/bjmbr/about/,2024-10-31
bjorl,Brazilian Journal of Otorhinolaryngology,Ciências da Saúde,93 números,"2024, Volume: 90, Número: 5",https://www.editorialmanager.com/bjorl/Default.aspx,https://www.scielo.br/journal/bjorl/about/,2024-10-31
bjos,Brazilian Journal of Oral Sciences,Ciências da Saúde,16 números,"2024, Volume: 23",https://periodicos.sbu.unicamp.br/ojs/index.php/bjos/about/submissions,https://www.scielo.br/journal/bjos/about/,2024-10-31
bjps,Brazilian Journal of Pharmaceutical Sciences,Ciências da Saúde,46 números,"2024, Volume: 60",http://mc04.manuscriptcentral.com/bjps-scielo,https://www.scielo.br/journal/bjps/about/,2024-10-31
bjr,Brazilian Journalism Research,Ciências Sociais Aplicadas,10 números,"2024, Volume: 20, Número: 2",https://bjr.sbpjor.org.br/bjr/about/submissions,https://www.scielo.br/journal/bjr/about/,2024-10-31
bjt,Brazilian Journal of Transplantation,Ciências da Saúde,2 números,"2024, Volume: 27",https://bjt.emnuvens.com.br/revista/about/submissions,https://www.scielo.br/journal/bjt/about/,2024-10-31
bn,Biota Neotropica,Ciências Biológicas,83 números,"2024, Volume: 24, Número: 3",http://mc04.manuscriptcentral.com/bn-scielo,https://www.scielo.br/journal/bn/about/,2024-10-31
bolema,Bolema: Boletim de Educação Matemática,Ciências Humanas,38 números,"2024, Volume: 38",http://mc04.manuscriptcentral.com/bolema-scielo,https://www.scielo.br/journal/bolema/about/,2024-10-31
bor,Brazilian Oral Research,Ciências da Saúde,57 números,"2024, Volume: 38",http://mc04.manuscriptcentral.com/bor-scielo,https://www.scielo.br/journal/bor/about/,2024-10-31
bpsr,Brazilian Political Science Review,Ciências Humanas,49 números,"2025, Volume: 19, Número: 1",http://mc04.manuscriptcentral.com/bpsr-scielo,https://www.scielo.br/journal/bpsr/about/,2024-10-31
brag,Bragantia,Ciências Agrárias,246 números,"2024, Volume: 83",http://mc04.manuscriptcentral.com/brag-scielo,https://www.scielo.br/journal/brag/about/,2024-10-31
brjp,BrJP,Ciências da Saúde,25 números,"2024, Volume: 7",https://www.gnpapers.com.br/brjp/default.asp,https://www.scielo.br/journal/brjp/about/,2024-10-31
cab,Ciência Animal Brasileira,Ciências Agrárias,24 números,"2024, Volume: 25",http://www.revistas.ufg.br/vet/index,https://www.scielo.br/journal/cab/about/,2024-10-31
cadbto,Cadernos Brasileiros de Terapia Ocupacional,Ciências da Saúde,15 números,"2024, Volume: 32",http://www.cadernosdeterapiaocupacional.ufscar.br/index.php/cadernos/login,https://www.scielo.br/journal/cadbto/about/,2024-10-31
cadsc,Cadernos Saúde Coletiva,Ciências da Saúde,47 números,"2024, Volume: 32, Número: 2",http://mc04.manuscriptcentral.com/cadsc-scielo,https://www.scielo.br/journal/cadsc/about/,2024-10-31
cagro,Ciência e Agrotecnologia,Ciências Agrárias,102 números,"2024, Volume: 48",http://mc04.manuscriptcentral.com/cagro-scielo,https://www.scielo.br/journal/cagro/about/,2024-10-31
cbab,Crop Breeding and Applied Biotechnology,Ciências Agrárias,57 números,"2024, Volume: 24, Número: 3",http://mc04.manuscriptcentral.com/cbab-scielo,https://www.scielo.br/journal/cbab/about/,2024-10-31
ccedes,Cadernos CEDES,Ciências Humanas,82 números,"2024, Volume: 44, Número: 123",http://submission.scielo.br/index.php/ccedes/login,https://www.scielo.br/journal/ccedes/about/,2024-10-31
ccrh,Caderno CRH,Ciências Humanas; Ciências Sociais Aplicadas,44 números,"2024, Volume: 37",http://portalseer.ufba.br/index.php/crh,https://www.scielo.br/journal/ccrh/about/,2024-10-31
ccsci,Critical Care Science,Ciências da Saúde,5 números,"2024, Volume: 36",https://mc04.manuscriptcentral.com/ccsci-scielo,https://www.scielo.br/journal/ccsci/about/,2024-10-31
ce,Cerâmica,Engenharias,107 números,"2024, Volume: 70",https://mc04.manuscriptcentral.com/ce-scielo,https://www.scielo.br/journal/ce/about/,2024-10-31
cebape,Cadernos EBAPE.BR,Ciências Sociais Aplicadas,90 números,"2024, Volume: 22, Número: 5",http://mc04.manuscriptcentral.com/cebape-scielo,https://www.scielo.br/journal/cebape/about/,2024-10-31
cenf,Cogitare Enfermagem,Ciências da Saúde,4 números,"2024, Volume: 29",https://revistas.ufpr.br/cogitare/login/,https://www.scielo.br/journal/cenf/about/,2024-10-31
cerne,CERNE,Ciências Agrárias,48 números,"2024, Volume: 30",http://cerne.ufla.br/ojs/index.php/CERNE,https://www.scielo.br/journal/cerne/about/,2024-10-31
cflo,Ciência Florestal,Ciências Agrárias,99 números,"2024, Volume: 34, Número: 4",http://periodicos.ufsm.br/index.php/cienciaflorestal/index,https://www.scielo.br/journal/cflo/about/,2024-10-31
cgpc,Cadernos Gestão Pública e Cidadania,Ciências Sociais Aplicadas,2 números,"2024, Volume: 29",https://periodicos.fgv.br/cgpc/about/submissions,https://www.scielo.br/journal/cgpc/about/,2024-10-31
ciedu,Ciência & Educação (Bauru),Ciências Humanas,72 números,"2024, Volume: 30",http://mc04.manuscriptcentral.com/ciedu-scielo,https://www.scielo.br/journal/ciedu/about/,2024-10-31
cint,Contexto Internacional,Ciências Humanas,58 números,"2024, Volume: 46, Número: 2",http://mc04.manuscriptcentral.com/cint-scielo,https://www.scielo.br/journal/cint/about/,2024-10-31
civitas,Civitas - Revista de Ciências Sociais,Ciências Humanas,38 números,"2024, Volume: 24",http://revistaseletronicas.pucrs.br/ojs/index.php/civitas/index,https://www.scielo.br/journal/civitas/about/,2024-10-31
clin,Clinics,Ciências da Saúde,139 números,"2024, Volume: 79",https://www.editorialmanager.com/clinics,https://www.scielo.br/journal/clin/about/,2024-10-31
cm,Cadernos Metrópole,Ciências Sociais Aplicadas,34 números,"2025, Volume: 27",http://revistas.pucsp.br/index.php/metropole/index,https://www.scielo.br/journal/cm/about/,2024-10-31
cniet,Cadernos Nietzsche,Ciências Humanas,33 números,"2024, Volume: 45, Número: 2",https://periodicos.unifesp.br/index.php/cniet,https://www.scielo.br/journal/cniet/about/,2024-10-31
codas,CoDAS,Ciências da Saúde,72 números,"2024, Volume: 36, Número: 6",http://mc04.manuscriptcentral.com/codas-scielo,https://www.scielo.br/journal/codas/about/,2024-10-31
coluna,Coluna/Columna,Ciências da Saúde,63 números,"2024, Volume: 23, Número: 3",http://submission.scielo.br/index.php/coluna/login,https://www.scielo.br/journal/coluna/about/,2024-10-31
cp,Cadernos de Pesquisa,Ciências Humanas,77 números,"2024, Volume: 54",http://publicacoes.fcc.org.br/ojs/index.php/cp,https://www.scielo.br/journal/cp/about/,2024-10-31
cpa,Cadernos Pagu,Ciências Humanas,55 números,"2024, Número: 71",http://submission.scielo.br/index.php/cpa/login,https://www.scielo.br/journal/cpa/about/,2024-10-31
cr,Ciência Rural,Ciências Agrárias,278 números,"2025, Volume: 55, Número: 2",http://mc04.manuscriptcentral.com/cr-scielo,https://www.scielo.br/journal/cr/about/,2024-10-31
csc,Ciência & Saúde Coletiva,Ciências da Saúde,221 números,"2024, Volume: 29, Número: 11",http://mc04.manuscriptcentral.com/csc-scielo,https://www.scielo.br/journal/csc/about/,2024-10-31
csp,Cadernos de Saúde Pública,Ciências da Saúde,320 números,"2024, Volume: 40, Número: 10",http://cadernos.ensp.fiocruz.br/csp/index.php,https://www.scielo.br/journal/csp/about/,2024-10-31
ct,Cadernos de Tradução,"Lingüística, Letras e Artes",21 números,"2024, Volume: 44, Número: 1",http://periodicos.ufsc.br/index.php/traducao/login/signIn,https://www.scielo.br/journal/ct/about/,2024-10-31
dados,Dados,Ciências Humanas,113 números,"2025, Volume: 68, Número: 1",http://mc04.manuscriptcentral.com/dados-scielo,https://www.scielo.br/journal/dados/about/,2024-10-31
delta,DELTA: Documentação de Estudos em Lingüística Teórica e Aplicada,"Lingüística, Letras e Artes",74 números,"2024, Volume: 40, Número: 3",http://revistas.pucsp.br/index.php/delta/index,https://www.scielo.br/journal/delta/about/,2024-10-31
dilemas,Dilemas: Revista de Estudos de Conflito e Controle Social,Ciências Humanas,13 números,"2024, Volume: 17, Número: 2",https://revistas.ufrj.br/index.php/dilemas/about/submissions#onlineSubmissions,https://www.scielo.br/journal/dilemas/about/,2024-10-31
dn,Dementia & Neuropsychologia,Ciências Humanas; Ciências da Saúde,66 números,"2024, Volume: 18",http://mc04.manuscriptcentral.com/dn-scielo,https://www.scielo.br/journal/dn/about/,2024-10-31
dpjo,Dental Press Journal of Orthodontics,Ciências da Saúde,89 números,"2024, Volume: 29, Número: 5",http://mc04.manuscriptcentral.com/dpjo-scielo,https://www.scielo.br/journal/dpjo/about/,2024-10-31
ea,Estudos Avançados,Ciências Humanas,111 números,"2024, Volume: 38, Número: 111",http://submission.scielo.br/index.php/ea/login,https://www.scielo.br/journal/ea/about/,2024-10-31
eagri,Engenharia Agrícola,Ciências Agrárias,105 números,"2024, Volume: 44",http://mc04.manuscriptcentral.com/eagri-scielo,https://www.scielo.br/journal/eagri/about/,2024-10-31
ean,Escola Anna Nery,Ciências da Saúde,71 números,"2024, Volume: 28",http://mc04.manuscriptcentral.com/ean-scielo,https://www.scielo.br/journal/ean/about/,2024-10-31
eb,Encontros Bibli,Ciências Sociais Aplicadas,2 números,"2024, Volume: 29",https://periodicos.ufsc.br/index.php/eb/submissao,https://www.scielo.br/journal/eb/about/,2024-10-31
ecos,Economia e Sociedade,Ciências Sociais Aplicadas,54 números,"2024, Volume: 33, Número: 3",http://submission.scielo.br/index.php/ecos/login,https://www.scielo.br/journal/ecos/about/,2024-10-31
edreal,Educação & Realidade,Ciências Humanas,42 números,"2024, Volume: 49",http://seer.ufrgs.br/educacaoerealidade,https://www.scielo.br/journal/edreal/about/,2024-10-31
edur,Educação em Revista,Ciências Humanas,42 números,"2024, Volume: 40",http://periodicos.ufmg.br/index.php/edrevista,https://www.scielo.br/journal/edur/about/,2024-10-31
ee,Estudos Econômicos (São Paulo),Ciências Sociais Aplicadas,85 números,"2024, Volume: 54, Número: 2",http://www.revistas.usp.br/ee,https://www.scielo.br/journal/ee/about/,2024-10-31
eh,Estudos Históricos (Rio de Janeiro),Ciências Humanas,43 números,"2024, Volume: 37, Número: 83",http://bibliotecadigital.fgv.br/ojs/index.php/reh,https://www.scielo.br/journal/eh/about/,2024-10-31
eins,einstein (São Paulo),Ciências da Saúde,45 números,"2024, Volume: 22",https://mc04.manuscriptcentral.com/eins-scielo,https://www.scielo.br/journal/eins/about/,2024-10-31
elbc,Estudos de Literatura Brasileira Contemporânea,"Lingüística, Letras e Artes",39 números,"2024, Número: 73",http://submission.scielo.br/index.php/elbc/login,https://www.scielo.br/journal/elbc/about/,2024-10-31
emquestao,Em Questão,Ciências Sociais Aplicadas,2 números,"2024, Volume: 30",https://seer.ufrgs.br/index.php/EmQuestao/submission/wizard,https://www.scielo.br/journal/emquestao/about/,2024-10-31
ensaio,Ensaio: Avaliação e Políticas Públicas em Educação,Ciências Humanas,81 números,"2024, Volume: 32, Número: 125",https://revistas.cesgranrio.org.br/,https://www.scielo.br/journal/ensaio/about/,2024-10-31
ep,Educação e Pesquisa,Ciências Humanas,66 números,"2024, Volume: 50",http://submission.scielo.br/index.php/ep/login,https://www.scielo.br/journal/ep/about/,2024-10-31
epec,Ensaio Pesquisa em Educação em Ciências (Belo Horizonte),Ciências Humanas,51 números,"2024, Volume: 26",https://periodicos.ufmg.br/index.php/ensaio,https://www.scielo.br/journal/epec/about/,2024-10-31
er,Educar em Revista,Ciências Humanas,84 números,"2024, Volume: 40",http://revistas.ufpr.br/educar,https://www.scielo.br/journal/er/about/,2024-10-31
es,Educação & Sociedade,Ciências Humanas,94 números,"2024, Volume: 45",http://submission.scielo.br/index.php/es/login,https://www.scielo.br/journal/es/about/,2024-10-31
esa,Engenharia Sanitaria e Ambiental,Engenharias,88 números,"2024, Volume: 29",https://mc04.manuscriptcentral.com/esa-scielo,https://www.scielo.br/journal/esa/about/,2024-10-31
estpsi,Estudos de Psicologia (Campinas),Ciências Humanas,86 números,"2024, Volume: 41",https://periodicos.puc-campinas.edu.br/estpsi,https://www.scielo.br/journal/estpsi/about/,2024-10-31
floram,Floresta e Ambiente,Ciências Agrárias,77 números,"2024, Volume: 31, Número: 3",http://mc04.manuscriptcentral.com/floram-scielo,https://www.scielo.br/journal/floram/about/,2024-10-31
fm,Fisioterapia em Movimento,Ciências da Saúde,39 números,"2024, Volume: 37",http://mc04.manuscriptcentral.com/fm-scielo,https://www.scielo.br/journal/fm/about/,2024-10-31
fp,Fisioterapia e Pesquisa,Ciências da Saúde,62 números,"2024, Volume: 31",http://mc04.manuscriptcentral.com/fp-scielo,https://www.scielo.br/journal/fp/about/,2024-10-31
fractal,Fractal: Revista de Psicologia,Ciências Humanas,44 números,"2024, Volume: 36",http://periodicos.uff.br/fractal/index,https://www.scielo.br/journal/fractal/about/,2024-10-31
fun,Filosofia Unisinos,Ciências Humanas,10 números,"2024, Volume: 25, Número: 2",http://revistas.unisinos.br/index.php/filosofia/about/submissions,https://www.scielo.br/journal/fun/about/,2024-10-31
gal,Galáxia (São Paulo),Ciências Sociais Aplicadas,25 números,"2024, Volume: 49",http://revistas.pucsp.br/index.php/galaxia/index,https://www.scielo.br/journal/gal/about/,2024-10-31
geo,GEOUSP,Ciências Humanas,11 números,"2024, Volume: 28, Número: 2",https://www.revistas.usp.br/geousp/about/submissions,https://www.scielo.br/journal/geo/about/,2024-10-31
geop,Geopauta,Ciências Humanas,3 números,"2024, Volume: 8",https://periodicos2.uesb.br/index.php/geo/about/submissions,https://www.scielo.br/journal/geop/about/,2024-10-31
gmb,Genetics and Molecular Biology,Ciências Biológicas,105 números,"2024, Volume: 47, Número: 4",http://mc04.manuscriptcentral.com/gmb-scielo,https://www.scielo.br/journal/gmb/about/,2024-10-31
gp,Gestão & Produção,Engenharias,100 números,"2024, Volume: 31",https://mc04.manuscriptcentral.com/gp-scielo,https://www.scielo.br/journal/gp/about/,2024-10-31
gragoata,Gragoatá,"Lingüística, Letras e Artes",7 números,"2024, Volume: 29, Número: 64",https://periodicos.uff.br/gragoata/about/submissions,https://www.scielo.br/journal/gragoata/about/,2024-10-31
ha,Horizontes Antropológicos,Ciências Humanas,66 números,"2024, Volume: 30, Número: 70",http://seer.ufrgs.br/index.php/horizontesantropologicos/index,https://www.scielo.br/journal/ha/about/,2024-10-31
hb,Horticultura Brasileira,Ciências Agrárias,96 números,"2024, Volume: 42",http://submission.scielo.br/index.php/hb,https://www.scielo.br/journal/hb/about/,2024-10-31
hcsm,"História, Ciências, Saúde-Manguinhos",Ciências Humanas; Ciências da Saúde,105 números,"2024, Volume: 31",http://mc04.manuscriptcentral.com/hcsm-scielo,https://www.scielo.br/journal/hcsm/about/,2024-10-31
heduc,História da Educação,Ciências Humanas,25 números,"2024, Volume: 28",http://seer.ufrgs.br/index.php/asphe/index,https://www.scielo.br/journal/heduc/about/,2024-10-31
hh,História da Historiografia,Ciências Humanas,6 números,"2024, Volume: 17",https://www.historiadahistoriografia.com.br/revista/about/submissions,https://www.scielo.br/journal/hh/about/,2024-10-31
his,História (São Paulo),Ciências Humanas,34 números,"2024, Volume: 43",https://submission.scielo.br/index.php/his/,https://www.scielo.br/journal/his/about/,2024-10-31
hoehnea,Hoehnea,Ciências Biológicas,57 números,"2024, Volume: 51",http://mc04.manuscriptcentral.com/hoehnea-scielo,https://www.scielo.br/journal/hoehnea/about/,2024-10-31
htct,"Hematology, Transfusion and Cell Therapy",Ciências da Saúde,27 números,"2024, Volume: 46, Número: 3",https://www.editorialmanager.com/HTCT/default.aspx,https://www.scielo.br/journal/htct/about/,2024-10-31
iao,International Archives of Otorhinolaryngology,Ciências da Saúde,50 números,"2024, Volume: 28, Número: 3",https://mc.manuscriptcentral.com/iaorl,https://www.scielo.br/journal/iao/about/,2024-10-31
ibju,International braz j urol,Ciências da Saúde,132 números,"2024, Volume: 50, Número: 6",http://mc04.manuscriptcentral.com/ibju-scielo,https://www.scielo.br/journal/ibju/about/,2024-10-31
icse,"Interface - Comunicação, Saúde, Educação",Ciências Humanas; Ciências da Saúde,74 números,"2025, Volume: 29",http://mc04.manuscriptcentral.com/icse-scielo,https://www.scielo.br/journal/icse/about/,2024-10-31
ides,Ilha do Desterro,"Lingüística, Letras e Artes",31 números,"2024, Volume: 77",http://periodicos.ufsc.br/index.php/desterro/index,https://www.scielo.br/journal/ides/about/,2024-10-31
ijcs,International Journal of Cardiovascular Sciences,Ciências da Saúde,38 números,"2024, Volume: 37",https://mc04.manuscriptcentral.com/ijcs-scielo,https://www.scielo.br/journal/ijcs/about/,2024-10-31
inter,Interações (Campo Grande),Ciências Humanas; Ciências Sociais Aplicadas,53 números,"2024, Volume: 25, Número: 2",http://www.interacoes.ucdb.br/login,https://www.scielo.br/journal/inter/about/,2024-10-31
interc,Intercom: Revista Brasileira de Ciências da Comunicação,Ciências Sociais Aplicadas,31 números,"2024, Volume: 47",https://revistas.intercom.org.br/index.php/revistaintercom,https://www.scielo.br/journal/interc/about/,2024-10-31
isz,Iheringia. Série Zoologia,Ciências Biológicas,67 números,"2024, Volume: 114",http://submission.scielo.br/index.php/isz,https://www.scielo.br/journal/isz/about/,2024-10-31
jaos,Journal of Applied Oral Science,Ciências da Saúde,91 números,"2024, Volume: 32",http://mc04.manuscriptcentral.com/jaos-scielo,https://www.scielo.br/journal/jaos/about/,2024-10-31
jatm,Journal of Aerospace Technology and Management,Engenharias,39 números,"2024, Volume: 16",http://mc04.manuscriptcentral.com/jatm-scielo,https://www.scielo.br/journal/jatm/about/,2024-10-31
jbchs,Journal of the Brazilian Chemical Society,Ciências Exatas e da Terra,275 números,"2025, Volume: 36, Número: 5",http://mc04.manuscriptcentral.com/jbchs-scielo,https://www.scielo.br/journal/jbchs/about/,2024-10-31
jbn,Brazilian Journal of Nephrology,Ciências da Saúde,62 números,"2024, Volume: 46, Número: 4",http://mc04.manuscriptcentral.com/jbn-scielo,https://www.scielo.br/journal/jbn/about/,2024-10-31
jbpneu,Jornal Brasileiro de Pneumologia,Ciências da Saúde,136 números,"2024, Volume: 50, Número: 4",http://mc04.manuscriptcentral.com/jbpneu-scielo,https://www.scielo.br/journal/jbpneu/about/,2024-10-31
jbpsiq,Jornal Brasileiro de Psiquiatria,Ciências da Saúde,74 números,"2024, Volume: 73, Número: 2",https://mc04.manuscriptcentral.com/jbpsiq-scielo,https://www.scielo.br/journal/jbpsiq/about/,2024-10-31
jcol,Journal of Coloproctology (Rio de Janeiro),Ciências da Saúde,53 números,"2024, Volume: 44, Número: 3",https://www.editorialmanager.com/JCOL/,https://www.scielo.br/journal/jcol/about/,2024-10-31
jiems,Journal of Inborn Errors of Metabolism and Screening,Ciências da Saúde,11 números,"2024, Volume: 12",https://mc04.manuscriptcentral.com/jiems-scielo,https://www.scielo.br/journal/jiems/about/,2024-10-31
jistm,JISTEM - Journal of Information Systems and Technology Management,Ciências Sociais Aplicadas,47 números,"2024, Volume: 21",http://www.jistem.tecsi.org/index.php/jistem,https://www.scielo.br/journal/jistm/about/,2024-10-31
jmoea,"Journal of Microwaves, Optoelectronics and Electromagnetic Applications",Engenharias,46 números,"2024, Volume: 23, Número: 3",https://submission.scielo.br/index.php/jmoea,https://www.scielo.br/journal/jmoea/about/,2024-10-31
jpe,Journal of Physical Education,Ciências da Saúde,9 números,"2024, Volume: 35",http://www.periodicos.uem.br/ojs/index.php/RevEducFis/index,https://www.scielo.br/journal/jpe/about/,2024-10-31
jped,Jornal de Pediatria,Ciências da Saúde,143 números,"2024, Volume: 100, Número: 5",https://www.editorialmanager.com/jpediatria/default2.aspx,https://www.scielo.br/journal/jped/about/,2024-10-31
jss,Journal of Seed Science,Ciências Agrárias,33 números,"2024, Volume: 46",http://submission.scielo.br/index.php/jss/login,https://www.scielo.br/journal/jss/about/,2024-10-31
jvatitd,Journal of Venomous Animals and Toxins including Tropical Diseases,Ciências Agrárias; Ciências Biológicas; Ciências da Saúde,49 números,"2024, Volume: 30",https://mc04.manuscriptcentral.com/jvatitd-scielo,https://www.scielo.br/journal/jvatitd/about/,2024-10-31
jvb,Jornal Vascular Brasileiro,Ciências da Saúde,60 números,"2024, Volume: 23",http://mc04.manuscriptcentral.com/jvb-scielo,https://www.scielo.br/journal/jvb/about/,2024-10-31
kr,Kriterion: Revista de Filosofia,Ciências Humanas,56 números,"2024, Volume: 65, Número: 157",https://periodicos.ufmg.br/index.php/kriterion/index,https://www.scielo.br/journal/kr/about/,2024-10-31
lajss,Latin American Journal of Solids and Structures,Engenharias,141 números,"2024, Volume: 21, Número: 10",http://www.lajss.org/index.php/LAJSS/index,https://www.scielo.br/journal/lajss/about/,2024-10-31
ld,Linguagem em (Dis)curso,"Lingüística, Letras e Artes",62 números,"2024, Volume: 24",http://www.portaldeperiodicos.unisul.br/index.php/Linguagem_Discurso/login,https://www.scielo.br/journal/ld/about/,2024-10-31
ln,Lua Nova: Revista de Cultura e Política,Ciências Humanas,118 números,"2024, Número: 122",http://submission.scielo.br/index.php/ln/login,https://www.scielo.br/journal/ln/about/,2024-10-31
mael,Machado de Assis em Linha,"Lingüística, Letras e Artes",28 números,"2024, Volume: 17",http://submission.scielo.br/index.php/mael/index,https://www.scielo.br/journal/mael/about/,2024-10-31
man,Manuscrito,Ciências Humanas,47 números,"2024, Volume: 47, Número: 4",http://mc04.manuscriptcentral.com/man-scielo,https://www.scielo.br/journal/man/about/,2024-10-31
mana,Mana,Ciências Humanas,70 números,"2024, Volume: 30, Número: 2",http://submission.scielo.br/index.php/mana/login,https://www.scielo.br/journal/mana/about/,2024-10-31
mediacoes,Mediações,Ciências Humanas,0 números,character(0),https://ojs.uel.br/revistas/uel/index.php/mediacoes/about/submissions,https://www.scielo.br/journal/mediacoes/about/,2024-10-31
mercator,Mercator (Fortaleza),Ciências Humanas,18 números,"2024, Volume: 23",http://www.mercator.ufc.br/index.php/mercator/index,https://www.scielo.br/journal/mercator/about/,2024-10-31
mioc,Memórias do Instituto Oswaldo Cruz,Ciências Biológicas; Ciências da Saúde,437 números,"2024, Volume: 119",http://mc04.manuscriptcentral.com/mioc-scielo,https://www.scielo.br/journal/mioc/about/,2024-10-31
mov,Movimento,Ciências Humanas; Ciências da Saúde,10 números,"2024, Volume: 30",https://www.seer.ufrgs.br/Movimento/about/submissions#onlineSubmissions,https://www.scielo.br/journal/mov/about/,2024-10-31
mr,Materials Research,Engenharias,115 números,"2024, Volume: 27",http://mc04.manuscriptcentral.com/mr-scielo,https://www.scielo.br/journal/mr/about/,2024-10-31
nau,Nauplius,Ciências Biológicas,19 números,"2024, Volume: 32",http://mc04.manuscriptcentral.com/nau-scielo,https://www.scielo.br/journal/nau/about/,2024-10-31
nec,Novos estudos CEBRAP,Ciências Humanas,58 números,"2024, Volume: 43, Número: 2",https://mc04.manuscriptcentral.com/nec-scielo,https://www.scielo.br/journal/nec/about/,2024-10-31
neco,Nova Economia,Ciências Sociais Aplicadas,57 números,"2024, Volume: 34, Número: 2",http://revistas.face.ufmg.br/index.php/novaeconomia/index,https://www.scielo.br/journal/neco/about/,2024-10-31
nera,Revista NERA,Ciências Humanas,2 números,"2024, Volume: 27, Número: 2",https://revista.fct.unesp.br/index.php/nera/about/submissions,https://www.scielo.br/journal/nera/about/,2024-10-31
ni,Neotropical Ichthyology,Ciências Biológicas,85 números,"2024, Volume: 22, Número: 3",http://mc04.manuscriptcentral.com/ni-scielo,https://www.scielo.br/journal/ni/about/,2024-10-31
ocr,Ocean and Coastal Research,Ciências Exatas e da Terra,5 números,"2024, Volume: 72",https://mc04.manuscriptcentral.com/ocr-scielo,https://www.scielo.br/journal/ocr/about/,2024-10-31
oh,Ornamental Horticulture,Ciências Agrárias,26 números,"2024, Volume: 30",http://www.ornamentalhorticulture.com.br/,https://www.scielo.br/journal/oh/about/,2024-10-31
op,Opinião Pública,Ciências Humanas,59 números,"2024, Volume: 30",http://mc04.manuscriptcentral.com/op-scielo,https://www.scielo.br/journal/op/about/,2024-10-31
osoc,Organizações & Sociedade,Ciências Sociais Aplicadas,104 números,"2024, Volume: 31, Número: 109",https://periodicos.ufba.br/index.php/revistaoes/about/submissions,https://www.scielo.br/journal/osoc/about/,2024-10-31
pab,Pesquisa Agropecuária Brasileira,Ciências Agrárias,246 números,"2024, Volume: 59",http://mc04.manuscriptcentral.com/pab-scielo,https://www.scielo.br/journal/pab/about/,2024-10-31
paideia,Paidéia (Ribeirão Preto),Ciências Humanas,71 números,"2024, Volume: 34",http://mc04.manuscriptcentral.com/paideia-scielo,https://www.scielo.br/journal/paideia/about/,2024-10-31
pat,Pesquisa Agropecuária Tropical,Ciências Agrárias,39 números,"2024, Volume: 54",http://www.revistas.ufg.br/pat,https://www.scielo.br/journal/pat/about/,2024-10-31
paz,Papéis Avulsos de Zoologia,Ciências Biológicas,458 números,"2024, Volume: 64",https://www.revistas.usp.br/paz/about/submissions,https://www.scielo.br/journal/paz/about/,2024-10-31
pboci,Pesquisa Brasileira em Odontopediatria e Clínica Integrada,Ciências da Saúde,6 números,"2024, Volume: 24",https://mc04.manuscriptcentral.com/pboci-scielo,https://www.scielo.br/journal/pboci/about/,2024-10-31
pci,Perspectivas em Ciência da Informação,Ciências Sociais Aplicadas,65 números,"2024, Volume: 29",http://portaldeperiodicos.eci.ufmg.br/index.php/pci/index,https://www.scielo.br/journal/pci/about/,2024-10-31
pcp,Psicologia: Ciência e Profissão,Ciências Humanas,118 números,"2024, Volume: 44",http://submission.scielo.br/index.php/pcp/login,https://www.scielo.br/journal/pcp/about/,2024-10-31
pe,Psicologia em Estudo,Ciências Humanas,55 números,"2024, Volume: 29",http://www.periodicos.uem.br/ojs/index.php/PsicolEstud,https://www.scielo.br/journal/pe/about/,2024-10-31
pee,Psicologia Escolar e Educacional,Ciências Humanas,56 números,"2024, Volume: 28",http://submission.scielo.br/index.php/pee/login,https://www.scielo.br/journal/pee/about/,2024-10-31
pg,Pandaemonium Germanicum,"Lingüística, Letras e Artes",40 números,"2024, Volume: 27, Número: 53",http://mc04.manuscriptcentral.com/pg-scielo,https://www.scielo.br/journal/pg/about/,2024-10-31
physis,Physis: Revista de Saúde Coletiva,Ciências Humanas; Ciências da Saúde,93 números,"2024, Volume: 34",http://mc04.manuscriptcentral.com/physis-scielo,https://www.scielo.br/journal/physis/about/,2024-10-31
pm,Per Musi,"Lingüística, Letras e Artes",19 números,"2024, Volume: 25",https://periodicos.ufmg.br/index.php/permusi/submission/wizard,https://www.scielo.br/journal/pm/about/,2024-10-31
po,Polímeros,Engenharias,121 números,"2024, Volume: 34, Número: 3",http://mc04.manuscriptcentral.com/po-scielo,https://www.scielo.br/journal/po/about/,2024-10-31
pope,Pesquisa Operacional,Engenharias,63 números,"2024, Volume: 44",http://submission.scielo.br/index.php/pope/login,https://www.scielo.br/journal/pope/about/,2024-10-31
pp,Pro-Posições,Ciências Humanas,39 números,"2024, Volume: 35",http://mc04.manuscriptcentral.com/pp-scielo,https://www.scielo.br/journal/pp/about/,2024-10-31
prc,Psicologia: Reflexão e Crítica,Ciências Humanas,70 números,"2024, Volume: 37",https://www.editorialmanager.com/psrc/default.aspx,https://www.scielo.br/journal/prc/about/,2024-10-31
prod,Production,Engenharias,81 números,"2024, Volume: 34",http://mc04.manuscriptcentral.com/prod-scielo,https://www.scielo.br/journal/prod/about/,2024-10-31
psicodrama,Revista Brasileira de Psicodrama,Ciências Humanas,6 números,"2024, Volume: 32",https://revbraspsicodrama.org.br/rbp/about/submissions,https://www.scielo.br/journal/psicodrama/about/,2024-10-31
psoc,Psicologia & Sociedade,Ciências Humanas,51 números,"2024, Volume: 36",http://submission.scielo.br/index.php/psoc/login,https://www.scielo.br/journal/psoc/about/,2024-10-31
pteo,Perspectiva Teológica,Ciências Humanas,14 números,"2024, Volume: 56, Número: 2",http://www.faje.edu.br/periodicos/index.php/perspectiva/about/submissions,https://www.scielo.br/journal/pteo/about/,2024-10-31
ptp,Psicologia: Teoria e Pesquisa,Ciências Humanas,71 números,"2024, Volume: 40",https://mc04.manuscriptcentral.com/ptp-scielo,https://www.scielo.br/journal/ptp/about/,2024-10-31
pusf,Psico-USF,Ciências Humanas,66 números,"2024, Volume: 29",http://submission.scielo.br/index.php/pusf/login,https://www.scielo.br/journal/pusf/about/,2024-10-31
pusp,Psicologia USP,Ciências Humanas,72 números,"2024, Volume: 35",http://mc04.manuscriptcentral.com/pusp-scielo,https://www.scielo.br/journal/pusp/about/,2024-10-31
pvb,Pesquisa Veterinária Brasileira,Ciências Agrárias,209 números,"2024, Volume: 44",http://mc04.manuscriptcentral.com/pvb-scielo,https://www.scielo.br/journal/pvb/about/,2024-10-31
qn,Química Nova,Ciências Exatas e da Terra,241 números,"2025, Volume: 48, Número: 4",http://mc04.manuscriptcentral.com/qn-scielo,https://www.scielo.br/journal/qn/about/,2024-10-31
ra,Revista de Antropologia,Ciências Humanas,29 números,"2024, Volume: 67",https://www.revistas.usp.br/ra/submission/wizard,https://www.scielo.br/journal/ra/about/,2024-10-31
rac,Revista de Administração Contemporânea,Ciências Sociais Aplicadas,133 números,"2024, Volume: 28, Número: 3",http://mc04.manuscriptcentral.com/rac-scielo,https://www.scielo.br/journal/rac/about/,2024-10-31
rae,Revista de Administração de Empresas,Ciências Sociais Aplicadas,296 números,"2024, Volume: 64, Número: 6",http://mc04.manuscriptcentral.com/rae-scielo,https://www.scielo.br/journal/rae/about/,2024-10-31
ram,RAM. Revista de Administração Mackenzie,Ciências Sociais Aplicadas,121 números,"2024, Volume: 25, Número: 5",http://mc04.manuscriptcentral.com/ram-scielo,https://www.scielo.br/journal/ram/about/,2024-10-31
ramb,Revista da Associação Médica Brasileira,Ciências da Saúde,202 números,"2024, Volume: 70, Número: 11",http://mc04.manuscriptcentral.com/ramb-scielo,https://www.scielo.br/journal/ramb/about/,2024-10-31
rap,Revista de Administração Pública,Ciências Sociais Aplicadas,112 números,"2024, Volume: 58, Número: 4",http://mc04.manuscriptcentral.com/rap-scielo,https://www.scielo.br/journal/rap/about/,2024-10-31
rarv,Revista Árvore,Ciências Agrárias,111 números,"2024, Volume: 48",http://revistaarvore.ufv.br/rarv/,https://www.scielo.br/journal/rarv/about/,2024-10-31
rb,Radiologia Brasileira,Ciências da Saúde,139 números,"2024, Volume: 57",http://mc04.manuscriptcentral.com/rb-scielo,https://www.scielo.br/journal/rb/about/,2024-10-31
rbca,Brazilian Journal of Poultry Science,Ciências Agrárias,95 números,"2024, Volume: 26, Número: 3",http://mc04.manuscriptcentral.com/rbca-scielo,https://www.scielo.br/journal/rbca/about/,2024-10-31
rbcan,Revista Brasileira de Cancerologia,Ciências da Saúde,0 números,character(0),https://rbc.inca.gov.br/index.php/revista/about/submissions,https://www.scielo.br/journal/rbcan/about/,2024-10-31
rbccv,Brazilian Journal of Cardiovascular Surgery,Ciências da Saúde,169 números,"2024, Volume: 39, Número: 6",http://mc04.manuscriptcentral.com/rbccv-scielo,https://www.scielo.br/journal/rbccv/about/,2024-10-31
rbcdh,Revista Brasileira de Cineantropometria & Desempenho Humano,Ciências da Saúde,60 números,"2024, Volume: 26",https://periodicos.ufsc.br/index.php/rbcdh/index,https://www.scielo.br/journal/rbcdh/about/,2024-10-31
rbce,Revista Brasileira de Ciências do Esporte,Ciências da Saúde,44 números,"2024, Volume: 46",https://mc04.manuscriptcentral.com/rbce-scielo,https://www.scielo.br/journal/rbce/about/,2024-10-31
rbcp,Revista Brasileira de Cirurgia Plástica,Ciências da Saúde,56 números,"2024, Volume: 39, Número: 3",https://www.gnpapers.com.br/rbcp/default.asp?lang=en,https://www.scielo.br/journal/rbcp/about/,2024-10-31
rbcpol,Revista Brasileira de Ciência Política,Ciências Humanas,41 números,"2024, Volume: 43",http://submission.scielo.br/index.php/rbcpol/login,https://www.scielo.br/journal/rbcpol/about/,2024-10-31
rbcs,Revista Brasileira de Ciência do Solo,Ciências Agrárias,109 números,"2024, Volume: 48",http://mc04.manuscriptcentral.com/rbcs-scielo,https://www.scielo.br/journal/rbcs/about/,2024-10-31
rbcsoc,Revista Brasileira de Ciências Sociais,Ciências Humanas,80 números,"2024, Volume: 39",http://submission.scielo.br/index.php/rbcsoc/login,https://www.scielo.br/journal/rbcsoc/about/,2024-10-31
rbdpp,Revista Brasileira de Direito Processual Penal,Ciências Sociais Aplicadas,9 números,"2024, Volume: 10, Número: 2",https://revista.ibraspp.com.br/RBDPP/about/submissions,https://www.scielo.br/journal/rbdpp/about/,2024-10-31
rbe,Revista Brasileira de Economia,Ciências Sociais Aplicadas,95 números,"2024, Volume: 78",http://bibliotecadigital.fgv.br/ojs/index.php/rbe/index,https://www.scielo.br/journal/rbe/about/,2024-10-31
rbeaa,Revista Brasileira de Engenharia Agrícola e Ambiental,Ciências Agrárias,230 números,"2025, Volume: 29, Número: 3",http://submission.scielo.br/index.php/rbeaa/login,https://www.scielo.br/journal/rbeaa/about/,2024-10-31
rbedu,Revista Brasileira de Educação,Ciências Humanas,65 números,"2024, Volume: 29",http://submission.scielo.br/index.php/rbedu/login,https://www.scielo.br/journal/rbedu/about/,2024-10-31
rbee,Revista Brasileira de Educação Especial,Ciências Humanas,60 números,"2024, Volume: 30",http://mc04.manuscriptcentral.com/rbee-scielo,https://www.scielo.br/journal/rbee/about/,2024-10-31
rbef,Revista Brasileira de Ensino de Física,Ciências Humanas,81 números,"2024, Volume: 46",http://mc04.manuscriptcentral.com/rbef-scielo,https://www.scielo.br/journal/rbef/about/,2024-10-31
rbem,Revista Brasileira de Educação Médica,Ciências Humanas; Ciências da Saúde,139 números,"2024, Volume: 48, Número: 4",http://mc04.manuscriptcentral.com/rbem-scielo,https://www.scielo.br/journal/rbem/about/,2024-10-31
rbent,Revista Brasileira de Entomologia,Ciências Biológicas,92 números,"2024, Volume: 68, Número: 4",https://mc04.manuscriptcentral.com/rbent-scielo,https://www.scielo.br/journal/rbent/about/,2024-10-31
rbep,Revista Brasileira de Estudos da Presença,"Lingüística, Letras e Artes",46 números,"2024, Volume: 14, Número: 3",http://seer.ufrgs.br/index.php/presenca/index,https://www.scielo.br/journal/rbep/about/,2024-10-31
rbeped,Revista Brasileira de Estudos Pedagógicos,Ciências Humanas,33 números,"2024, Volume: 105",http://rbep.inep.gov.br/index.php/rbep/index,https://www.scielo.br/journal/rbeped/about/,2024-10-31
rbepid,Revista Brasileira de Epidemiologia,Ciências da Saúde,79 números,"2024, Volume: 27",https://mc04.manuscriptcentral.com/rbepid-scielo,https://www.scielo.br/journal/rbepid/about/,2024-10-31
rbepop,Revista Brasileira de Estudos de População,Ciências Sociais Aplicadas,37 números,"2024, Volume: 41",http://www.rebep.org.br/revista/index,https://www.scielo.br/journal/rbepop/about/,2024-10-31
rbeur,Revista Brasileira de Estudos Urbanos e Regionais,Ciências Sociais Aplicadas,17 números,"2024, Volume: 26",http://rbeur.anpur.org.br/rbeur/about/submissions#onlineSubmissions,https://www.scielo.br/journal/rbeur/about/,2024-10-31
rbf,Revista Brasileira de Fruticultura,Ciências Agrárias,93 números,"2024, Volume: 46",https://mc04.manuscriptcentral.com/rbf-scielo,https://www.scielo.br/journal/rbf/about/,2024-10-31
rbgg,Revista Brasileira de Geriatria e Gerontologia,Ciências Humanas; Ciências da Saúde,78 números,"2024, Volume: 27",http://mc04.manuscriptcentral.com/rbgg-scielo,https://www.scielo.br/journal/rbgg/about/,2024-10-31
rbgn,Revista Brasileira de Gestão de Negócios,Ciências Sociais Aplicadas,64 números,"2024, Volume: 26, Número: 3",http://mc04.manuscriptcentral.com/rbgn-scielo,https://www.scielo.br/journal/rbgn/about/,2024-10-31
rbgo,Revista Brasileira de Ginecologia e Obstetrícia,Ciências da Saúde,299 números,"2024, Volume: 46",http://mc04.manuscriptcentral.com/rbgo-scielo,https://www.scielo.br/journal/rbgo/about/,2024-10-31
rbh,Revista Brasileira de História,Ciências Humanas,63 números,"2024, Volume: 44, Número: 96",http://submission.scielo.br/index.php/rbh/login,https://www.scielo.br/journal/rbh/about/,2024-10-31
rbhe,Revista Brasileira de História da Educação,Ciências Humanas,7 números,"2024, Volume: 24",http://periodicos.uem.br/ojs/index.php/rbhe/about/submissions#onlineSubmissions,https://www.scielo.br/journal/rbhe/about/,2024-10-31
rbi,Revista Brasileira de Inovação,Ciências Humanas,9 números,"2024, Volume: 23",https://periodicos.sbu.unicamp.br/ojs/index.php/rbi/login?source=,https://www.scielo.br/journal/rbi/about/,2024-10-31
rbla,Revista Brasileira de Linguística Aplicada,"Lingüística, Letras e Artes",77 números,"2024, Volume: 24, Número: 4",http://www.periodicos.letras.ufmg.br/index.php/rbla/index,https://www.scielo.br/journal/rbla/about/,2024-10-31
rblc,Revista Brasileira de Literatura Comparada,"Lingüística, Letras e Artes",13 números,"2024, Volume: 26",http://revista.abralic.org.br/index.php/revista/login,https://www.scielo.br/journal/rblc/about/,2024-10-31
rbmet,Revista Brasileira de Meteorologia,Ciências Exatas e da Terra,65 números,"2024, Volume: 39",http://mc04.manuscriptcentral.com/rbmet-scielo,https://www.scielo.br/journal/rbmet/about/,2024-10-31
rbof,Revista Brasileira de Oftalmologia,Ciências da Saúde,90 números,"2024, Volume: 83",https://mc04.manuscriptcentral.com/rbof-scielo,https://www.scielo.br/journal/rbof/about/,2024-10-31
rbort,Revista Brasileira de Ortopedia,Ciências da Saúde,109 números,"2024, Volume: 59, Número: 4",https://www.editorialmanager.com/rbo/default.aspx,https://www.scielo.br/journal/rbort/about/,2024-10-31
rbp,Brazilian Journal of Psychiatry,Ciências da Saúde,111 números,"2024, Volume: 46",https://mc04.manuscriptcentral.com/rbp-scielo,https://www.scielo.br/journal/rbp/about/,2024-10-31
rbpi,Revista Brasileira de Política Internacional,Ciências Humanas,56 números,"2024, Volume: 67, Número: 2",http://mc04.manuscriptcentral.com/rbpi-scielo,https://www.scielo.br/journal/rbpi/about/,2024-10-31
rbpv,Revista Brasileira de Parasitologia Veterinária,Ciências Biológicas,70 números,"2024, Volume: 33, Número: 4",http://mc04.manuscriptcentral.com/rbpv-scielo,https://www.scielo.br/journal/rbpv/about/,2024-10-31
rbrh,RBRH,Engenharias,12 números,"2024, Volume: 29",http://mc04.manuscriptcentral.com/rbrh-scielo,https://www.scielo.br/journal/rbrh/about/,2024-10-31
rbsmi,Revista Brasileira de Saúde Materno Infantil,Ciências da Saúde,88 números,"2024, Volume: 24",http://mc04.manuscriptcentral.com/rbsmi-scielo,https://www.scielo.br/journal/rbsmi/about/,2024-10-31
rbso,Revista Brasileira de Saúde Ocupacional,Ciências da Saúde,35 números,"2024, Volume: 49",http://mc04.manuscriptcentral.com/rbso-scielo,https://www.scielo.br/journal/rbso/about/,2024-10-31
rbspa,Revista Brasileira de Saúde e Produção Animal,Ciências Agrárias,34 números,"2024, Volume: 25",http://mc04.manuscriptcentral.com/rbspa-scielo,https://www.scielo.br/journal/rbspa/about/,2024-10-31
rbtur,Revista Brasileira de Pesquisa em Turismo,Ciências Sociais Aplicadas,21 números,"2024, Volume: 18",http://www.rbtur.org.br/rbtur/user/register,https://www.scielo.br/journal/rbtur/about/,2024-10-31
rbz,Revista Brasileira de Zootecnia,Ciências Agrárias,181 números,"2024, Volume: 53",http://mc04.manuscriptcentral.com/rbz-scielo,https://www.scielo.br/journal/rbz/about/,2024-10-31
rca,Revista Ciência Agronômica,Ciências Agrárias,52 números,"2025, Volume: 56",http://ccarevista.ufc.br/seer/index.php/ccarevista/index,https://www.scielo.br/journal/rca/about/,2024-10-31
rcaat,Revista Caatinga,Ciências Agrárias,35 números,"2024, Volume: 37",http://periodicos.ufersa.edu.br/index.php/caatinga/index,https://www.scielo.br/journal/rcaat/about/,2024-10-31
rcbc,Revista do Colégio Brasileiro de Cirurgiões,Ciências da Saúde,138 números,"2024, Volume: 51",https://www.gnpapers.com.br/rcbc/default.asp,https://www.scielo.br/journal/rcbc/about/,2024-10-31
rcefac,Revista CEFAC,Ciências da Saúde,103 números,"2024, Volume: 26, Número: 6",http://mc04.manuscriptcentral.com/rcefac-scielo,https://www.scielo.br/journal/rcefac/about/,2024-10-31
rceres,Revista Ceres,Ciências Agrárias; Ciências Biológicas,85 números,"2024, Volume: 71",https://mc04.manuscriptcentral.com/rceres-scielo,https://www.scielo.br/journal/rceres/about/,2024-10-31
rcf,Revista Contabilidade & Finanças,Ciências Sociais Aplicadas,71 números,"2024, Volume: 35, Número: 95",http://mc04.manuscriptcentral.com/rcf-scielo,https://www.scielo.br/journal/rcf/about/,2024-10-31
rdbci,RDBCI: Revista Digital de Biblioteconomia e Ciência da Informação,Ciências Sociais Aplicadas,6 números,"2024, Volume: 22",https://periodicos.sbu.unicamp.br/ojs/index.php/rdbci/about/submissions,https://www.scielo.br/journal/rdbci/about/,2024-10-31
rdgv,Revista Direito GV,Ciências Sociais Aplicadas,39 números,"2024, Volume: 20",http://mc04.manuscriptcentral.com/rdgv-scielo,https://www.scielo.br/journal/rdgv/about/,2024-10-31
rdp,Revista Direito e Práxis,Ciências Sociais Aplicadas,31 números,"2024, Volume: 15, Número: 3",http://www.e-publicacoes.uerj.br/index.php/revistaceaju/about/submissions#onlineSubmissions,https://www.scielo.br/journal/rdp/about/,2024-10-31
read,REAd. Revista Eletrônica de Administração (Porto Alegre),Ciências Sociais Aplicadas,41 números,"2024, Volume: 30, Número: 2",http://seer.ufrgs.br/index.php/read/index,https://www.scielo.br/journal/read/about/,2024-10-31
reaufsm,Revista de Administração da UFSM,Ciências Sociais Aplicadas,16 números,"2024, Volume: 17, Número: 3",https://periodicos.ufsm.br/reaufsm/about/submissions,https://www.scielo.br/journal/reaufsm/about/,2024-10-31
reben,Revista Brasileira de Enfermagem,Ciências da Saúde,237 números,"2024, Volume: 77, Número: 6",http://mc04.manuscriptcentral.com/reben-scielo,https://www.scielo.br/journal/reben/about/,2024-10-31
rec,Revista de Economia Contemporânea,Ciências Sociais Aplicadas,53 números,"2024, Volume: 28",http://submission.scielo.br/index.php/rec/login,https://www.scielo.br/journal/rec/about/,2024-10-31
reeusp,Revista da Escola de Enfermagem da USP,Ciências da Saúde,178 números,"2024, Volume: 58",http://mc04.manuscriptcentral.com/reeusp-scielo,https://www.scielo.br/journal/reeusp/about/,2024-10-31
ref,Revista Estudos Feministas,Ciências Humanas,68 números,"2024, Volume: 32, Número: 3",https://periodicos.ufsc.br/index.php/ref/index,https://www.scielo.br/journal/ref/about/,2024-10-31
regepe,REGEPE Entrepreneurship and Small Business Journal,Ciências Sociais Aplicadas,4 números,"2024, Volume: 13, Número: 3",https://www.regepe.org.br/regepe/about/submissions,https://www.scielo.br/journal/regepe/about/,2024-10-31
remhu,REMHU: Revista Interdisciplinar da Mobilidade Humana ,Ciências Humanas; Ciências Sociais Aplicadas,33 números,"2024, Volume: 32",http://www.csem.org.br/remhu/index.php/remhu/index,https://www.scielo.br/journal/remhu/about/,2024-10-31
remi,REM - International Engineering Journal,Engenharias,34 números,"2024, Volume: 77, Número: 4",http://mc04.manuscriptcentral.com/remi-scielo,https://www.scielo.br/journal/remi/about/,2024-10-31
rep,Brazilian Journal of Political Economy,Ciências Humanas; Ciências Sociais Aplicadas,161 números,"2024, Volume: 44, Número: 4",http://submission.scielo.br/index.php/rep/login,https://www.scielo.br/journal/rep/about/,2024-10-31
resr,Revista de Economia e Sociologia Rural,Ciências Humanas; Ciências Sociais Aplicadas,90 números,"2024, Volume: 62, Número: 4",http://submission.scielo.br/index.php/resr/login,https://www.scielo.br/journal/resr/about/,2024-10-31
ress,Epidemiologia e Serviços de Saúde,Ciências da Saúde,40 números,"2024, Volume: 33",https://mc04.manuscriptcentral.com/ress-scielo,https://www.scielo.br/journal/ress/about/,2024-10-31
rfilos,Revista de Filosofia Aurora,Ciências Humanas,2 números,"2024, Volume: 36",https://periodicos.pucpr.br/aurora/about/submissions,https://www.scielo.br/journal/rfilos/about/,2024-10-31
rgenf,Revista Gaúcha de Enfermagem,Ciências da Saúde,40 números,"2024, Volume: 45",http://mc04.manuscriptcentral.com/rgenf-scielo,https://www.scielo.br/journal/rgenf/about/,2024-10-31
rgo,RGO - Revista Gaúcha de Odontologia,Ciências da Saúde,26 números,"2024, Volume: 72",http://mc04.manuscriptcentral.com/rgo-scielo,https://www.scielo.br/journal/rgo/about/,2024-10-31
rh,Revista de História (São Paulo),Ciências Humanas,16 números,"2024, Número: 183",https://www.revistas.usp.br/revhistoria/about/submissions,https://www.scielo.br/journal/rh/about/,2024-10-31
rieb,Revista do Instituto de Estudos Brasileiros,Ciências Humanas,36 números,"2024, Número: 89",http://submission.scielo.br/index.php/rieb/login,https://www.scielo.br/journal/rieb/about/,2024-10-31
riem,Revista IBRACON de Estruturas e Materiais,Engenharias,96 números,"2025, Volume: 18, Número: 1",http://mc04.manuscriptcentral.com/riem-scielo,https://www.scielo.br/journal/riem/about/,2024-10-31
rimtsp,Revista do Instituto de Medicina Tropical de São Paulo,Ciências Biológicas; Ciências da Saúde,201 números,"2024, Volume: 66",http://mc04.manuscriptcentral.com/rimtsp-scielo,https://www.scielo.br/journal/rimtsp/about/,2024-10-31
rinc,Revista de Investigações Constitucionais,Ciências Sociais Aplicadas,32 números,"2024, Volume: 11, Número: 2",https://revistas.ufpr.br/rinc/about/submissions,https://www.scielo.br/journal/rinc/about/,2024-10-31
rk,Revista Katálysis,Ciências Sociais Aplicadas,45 números,"2024, Volume: 27",http://periodicos.ufsc.br/index.php/katalysis/index,https://www.scielo.br/journal/rk/about/,2024-10-31
rlae,Revista Latino-Americana de Enfermagem,Ciências da Saúde,128 números,"2024, Volume: 32",http://mc04.manuscriptcentral.com/rlae-scielo,https://www.scielo.br/journal/rlae/about/,2024-10-31
rlpf,Revista Latinoamericana de Psicopatologia Fundamental,Ciências Humanas,102 números,"2024, Volume: 27",http://mc04.manuscriptcentral.com/rlpf-scielo,https://www.scielo.br/journal/rlpf/about/,2024-10-31
rmat,Matéria (Rio de Janeiro),Engenharias,76 números,"2024, Volume: 29, Número: 4",https://mc04.manuscriptcentral.com/rmat-scielo,https://www.scielo.br/journal/rmat/about/,2024-10-31
rmj,RAUSP Management Journal,Ciências Sociais Aplicadas,26 números,"2024, Volume: 59, Número: 2",https://mc.manuscriptcentral.com/rausp,https://www.scielo.br/journal/rmj/about/,2024-10-31
rn,Revista de Nutrição,Ciências da Saúde,113 números,"2024, Volume: 37",http://mc04.manuscriptcentral.com/rn-scielo,https://www.scielo.br/journal/rn/about/,2024-10-31
rod,Rodriguésia,Ciências Biológicas,84 números,"2024, Volume: 75",http://mc04.manuscriptcentral.com/rod-scielo,https://www.scielo.br/journal/rod/about/,2024-10-31
rounesp,Revista de Odontologia da UNESP,Ciências da Saúde,44 números,"2024, Volume: 53",http://mc04.manuscriptcentral.com/rounesp-scielo,https://www.scielo.br/journal/rounesp/about/,2024-10-31
rpp,Revista Paulista de Pediatria,Ciências da Saúde,57 números,"2025, Volume: 43",http://mc04.manuscriptcentral.com/rpp-scielo,https://www.scielo.br/journal/rpp/about/,2024-10-31
rs,Religião & Sociedade,Ciências Humanas,42 números,"2024, Volume: 44, Número: 1",http://submission.scielo.br/index.php/rs/login,https://www.scielo.br/journal/rs/about/,2024-10-31
rsbmt,Revista da Sociedade Brasileira de Medicina Tropical,Ciências da Saúde,265 números,"2024, Volume: 57",http://mc04.manuscriptcentral.com/rsbmt-scielo,https://www.scielo.br/journal/rsbmt/about/,2024-10-31
rsocp,Revista de Sociologia e Política,Ciências Humanas,72 números,"2024, Volume: 32",http://mc04.manuscriptcentral.com/rsocp-scielo,https://www.scielo.br/journal/rsocp/about/,2024-10-31
rsp,Revista de Saúde Pública,Ciências da Saúde,260 números,"2024, Volume: 58",http://mc04.manuscriptcentral.com/rsp-scielo,https://www.scielo.br/journal/rsp/about/,2024-10-31
rv,Revista Vórtex,"Lingüística, Letras e Artes",0 números,character(0),https://periodicos.unespar.edu.br/vortex/about/submissions,https://www.scielo.br/journal/rv/about/,2024-10-31
sa,Scientia Agricola,Ciências Agrárias,152 números,"2024, Volume: 81",http://mc04.manuscriptcentral.com/sa-scielo,https://www.scielo.br/journal/sa/about/,2024-10-31
sant,Sociologia & Antropologia,Ciências Humanas,37 números,"2024, Volume: 14, Número: 2",https://mc04.manuscriptcentral.com/sant-scielo,https://www.scielo.br/journal/sant/about/,2024-10-31
sausoc,Saúde e Sociedade,Ciências Humanas; Ciências da Saúde,101 números,"2024, Volume: 33, Número: 3",http://mc04.manuscriptcentral.com/sausoc-scielo,https://www.scielo.br/journal/sausoc/about/,2024-10-31
sdeb,Saúde em Debate,Ciências da Saúde,51 números,"2024, Volume: 48, Número: 142",http://www.saudeemdebate.org.br/,https://www.scielo.br/journal/sdeb/about/,2024-10-31
se,Sociedade e Estado,Ciências Humanas; Ciências Sociais Aplicadas,67 números,"2024, Volume: 39, Número: 3",http://periodicos.unb.br/index.php/sociedade/about/submissions,https://www.scielo.br/journal/se/about/,2024-10-31
seq,Sequência (Florianópolis),Ciências Sociais Aplicadas,35 números,"2024, Volume: 45, Número: 98",http://periodicos.ufsc.br/index.php/sequencia/index,https://www.scielo.br/journal/seq/about/,2024-10-31
sess,"Sexualidad, Salud y Sociedad (Rio de Janeiro)",Ciências Humanas; Ciências da Saúde,35 números,"2024, Número: 40",http://www.e-publicacoes.uerj.br/index.php/SexualidadSaludySociedad/index,https://www.scielo.br/journal/sess/about/,2024-10-31
si,Soldagem & Inspeção,Engenharias,46 números,"2024, Volume: 29",http://mc04.manuscriptcentral.com/si-scielo,https://www.scielo.br/journal/si/about/,2024-10-31
sn,Sociedade & Natureza,Ciências Humanas,40 números,"2024, Volume: 36",http://www.seer.ufu.br/index.php/sociedadenatureza/submission/wizard,https://www.scielo.br/journal/sn/about/,2024-10-31
soc,Sociologias,Ciências Humanas,60 números,"2024, Volume: 26",http://www.seer.ufrgs.br/index.php/sociologias/index,https://www.scielo.br/journal/soc/about/,2024-10-31
soiroc,Soils and Rocks,Engenharias,16 números,"2024, Volume: 47, Número: 4",https://www.soilsandrocks.com/login.php,https://www.scielo.br/journal/soiroc/about/,2024-10-31
sp,Summa Phytopathologica,Ciências Agrárias,70 números,"2024, Volume: 50",http://submission.scielo.br/index.php/sp/login,https://www.scielo.br/journal/sp/about/,2024-10-31
spmj,Sao Paulo Medical Journal,Ciências da Saúde,184 números,"2024, Volume: 142, Número: 6",http://mc04.manuscriptcentral.com/spmj-scielo,https://www.scielo.br/journal/spmj/about/,2024-10-31
sssoc,Serviço Social & Sociedade,Ciências Sociais Aplicadas,51 números,"2024, Volume: 147, Número: 3",http://submission.scielo.br/index.php/sssoc/login,https://www.scielo.br/journal/sssoc/about/,2024-10-31
tcam,Trends in Computational and Applied Mathematics,Ciências Exatas e da Terra,13 números,"2024, Volume: 25",https://tema.sbmac.org.br/tema/about/submissions#onlineSubmissions,https://www.scielo.br/journal/tcam/about/,2024-10-31
tce,Texto & Contexto - Enfermagem,Ciências da Saúde,64 números,"2024, Volume: 33",http://mc04.manuscriptcentral.com/tce-scielo,https://www.scielo.br/journal/tce/about/,2024-10-31
tem,Tempo,Ciências Humanas,47 números,"2024, Volume: 30, Número: 2",http://submission.scielo.br/index.php/tem/login,https://www.scielo.br/journal/tem/about/,2024-10-31
tes,"Trabalho, Educação e Saúde",Ciências Humanas; Ciências da Saúde,54 números,"2024, Volume: 22",https://www.submissao.tes.epsjv.fiocruz.br/index.php/tes/login,https://www.scielo.br/journal/tes/about/,2024-10-31
tinf,Transinformação,Ciências Sociais Aplicadas,60 números,"2024, Volume: 36",https://periodicos.puc-campinas.edu.br/transinfo,https://www.scielo.br/journal/tinf/about/,2024-10-31
tl,Texto Livre,"Ciências Humanas; Lingüística, Letras e Artes",6 números,"2024, Volume: 17",https://periodicos.ufmg.br/index.php/textolivre/about/submissions,https://www.scielo.br/journal/tl/about/,2024-10-31
tla,Trabalhos em Linguística Aplicada,"Lingüística, Letras e Artes",52 números,"2024, Volume: 63, Número: 3",http://periodicos.sbu.unicamp.br/ojs/index.php/tla/index,https://www.scielo.br/journal/tla/about/,2024-10-31
topoi,Topoi (Rio de Janeiro),Ciências Humanas,55 números,"2024, Volume: 25",http://mc04.manuscriptcentral.com/topoi-scielo,https://www.scielo.br/journal/topoi/about/,2024-10-31
trans,Trans/Form/Ação,Ciências Humanas,93 números,"2024, Volume: 47, Número: 6",http://www2.marilia.unesp.br/revistas/index.php/transformacao/index,https://www.scielo.br/journal/trans/about/,2024-10-31
trends,Trends in Psychiatry and Psychotherapy,Ciências da Saúde,44 números,"2024, Volume: 46",http://mc04.manuscriptcentral.com/trends-scielo,https://www.scielo.br/journal/trends/about/,2024-10-31
ts,Tempo Social,Ciências Humanas,75 números,"2024, Volume: 36, Número: 2",http://www.revistas.usp.br/ts/index,https://www.scielo.br/journal/ts/about/,2024-10-31
tva,Turismo: Visão e Ação,Ciências Sociais Aplicadas,15 números,"2024, Volume: 26",https://siaiap32.univali.br/seer/index.php/rtva/about/submissions#onlineSubmissions,https://www.scielo.br/journal/tva/about/,2024-10-31
urbe,urbe. Revista Brasileira de Gestão Urbana,Ciências Sociais Aplicadas,25 números,"2024, Volume: 16",http://mc04.manuscriptcentral.com/urbe-scielo,https://www.scielo.br/journal/urbe/about/,2024-10-31
vb,Vibrant: Virtual Brazilian Anthropology,Ciências Humanas,24 números,"2024, Volume: 21",http://submission.scielo.br/index.php/vb/index,https://www.scielo.br/journal/vb/about/,2024-10-31
vd,Veredas do Direito,Ciências Sociais Aplicadas,2 números,"2024, Volume: 21",http://revista.domhelder.edu.br/index.php/veredas/submissions,https://www.scielo.br/journal/vd/about/,2024-10-31
vh,Varia Historia,Ciências Humanas,50 números,"2024, Volume: 40",http://mc04.manuscriptcentral.com/vh-scielo,https://www.scielo.br/journal/vh/about/,2024-10-31
zool,Zoologia (Curitiba),Ciências Biológicas,54 números,"2024, Volume: 41",https://mc04.manuscriptcentral.com/zool-scielo,https://www.scielo.br/journal/zool/about/,2024-10-31
